weight_A	weight_B	bias	pred_11	pred_10	pred_01	pred_00
0.061411	0.0477237	0.0	0.51763785	0.51381606	0.5076857	0.5
3.1731744	3.159486	1.9539533	0.9977894	0.9716688	0.976032	0.82288283
6.3285875	6.3229637	3.4142325	0.9995409	0.98887306	0.993628	0.8760204
6.7725377	6.7634873	3.3382547	0.99979025	0.9881543	0.99210817	0.7964227
6.9063654	6.8988104	2.118057	0.99986565	0.98150796	0.98284835	0.6785958
6.9656806	6.957531	0.30920264	0.99986535	0.9554042	0.95236826	0.52883714
7.0001545	6.9925466	-1.7783965	0.99961644	0.9000091	0.8965771	0.3466049
7.0221434	7.0157576	-3.8279607	0.9991509	0.80650675	0.8057136	0.16501589
7.036152	7.0315795	-5.662775	0.99816954	0.6605701	0.6604909	0.04031652
7.0433846	7.040277	-7.139068	0.9966872	0.47060096	0.46869227	0.00629713
7.0478363	7.045145	-8.274078	0.9939933	0.28651702	0.2858576	0.0020259116
7.051368	7.0492983	-9.019824	0.990969	0.16395973	0.16574831	0.0010799442
7.052368	7.051512	-9.42902	0.9885801	0.11010248	0.11181105	0.0006935641
7.0528164	7.053371	-9.603644	0.9871846	0.093027934	0.09427988	0.0004913644
7.0531206	7.055001	-9.629955	0.98705155	0.08963742	0.09080661	0.00037534477
7.053403	7.0563493	-9.606602	0.9873652	0.09076456	0.09190018	0.00030517625
7.0536976	7.0574327	-9.546479	0.9879783	0.09555166	0.09667433	0.00026309016
7.0539765	7.0583205	-9.453143	0.98884284	0.103902064	0.105007686	0.00024081406
7.0542846	7.0590334	-9.326617	0.98992616	0.11613781	0.11723792	0.00023388013
7.0545597	7.0596247	-9.16888	0.9912114	0.1322676	0.13336544	0.00023873804
7.054831	7.060118	-8.984428	0.992594	0.15238848	0.15349859	0.00025417135
7.0550694	7.0605617	-8.788579	0.9938998	0.17565788	0.17678997	0.00027854368
7.0553107	7.0609517	-8.590884	0.99502397	0.2015119	0.20267396	0.00031085423
7.055551	7.0612655	-8.398969	0.9959459	0.22909343	0.23027673	0.00034963898
7.055765	7.0615773	-8.219809	0.99666107	0.25740054	0.258592	0.00039376947
7.0559597	7.06188	-8.05314	0.99722314	0.28587347	0.28705776	0.0004418562
7.056158	7.062146	-7.9012036	0.99765456	0.31380185	0.31496918	0.00049288006
7.0563636	7.0623775	-7.7634544	0.9979886	0.3407196	0.34186876	0.00054590794
7.0565596	7.062604	-7.6399097	0.9982483	0.36611885	0.367243	0.00059942214
7.0567403	7.0628004	-7.5283723	0.99845415	0.3900328	0.3911292	0.00065312564
7.056918	7.0629926	-7.4292955	0.9986166	0.41201186	0.41307998	0.000705747
7.057108	7.0631924	-7.3407917	0.9987465	0.43218276	0.43322334	0.00075732946
7.0572925	7.0633802	-7.262275	0.9988514	0.45045486	0.45146474	0.0008066103
7.0574684	7.0635705	-7.1915755	0.9989387	0.46717605	0.46816576	0.00085409166
7.0576463	7.063754	-7.128581	0.99901086	0.4822544	0.48321876	0.0008990541
7.057818	7.0639324	-7.072061	0.99907106	0.49590987	0.49685577	0.0009418249
7.057988	7.064105	-7.021913	0.9991214	0.5081115	0.5090394	0.0009816769
7.058144	7.0642653	-6.9767094	0.9991646	0.5191587	0.5200755	0.0010191882
7.058304	7.064418	-6.9354954	0.9992017	0.52926683	0.53016686	0.001054824
7.05848	7.064577	-6.898353	0.99923414	0.5384022	0.53928477	0.0010881156
7.0586357	7.0647273	-6.864877	0.99926215	0.5466411	0.54751563	0.0011191895
7.0587916	7.0648737	-6.834596	0.9992865	0.5541031	0.5549699	0.0011480135
7.0589666	7.0650244	-6.807086	0.9993081	0.56089264	0.5617474	0.0011748918
7.0591187	7.065164	-6.7814326	0.9993279	0.5672135	0.56806105	0.0012006786
7.059274	7.0653048	-6.757957	0.9993449	0.5729924	0.5738332	0.00122484
7.05944	7.0654564	-6.7362657	0.99936056	0.57832724	0.5791636	0.0012477613
7.059599	7.0656013	-6.715982	0.99937457	0.583314	0.5841484	0.0012695434
7.0597477	7.065732	-6.69737	0.99938774	0.5878804	0.5887125	0.0012899291
7.059911	7.0658665	-6.6796403	0.9993997	0.59222543	0.5930488	0.0013098276
7.060059	7.0659876	-6.663065	0.99941057	0.59627986	0.597097	0.0013286731
7.060205	7.066112	-6.6475616	0.9994209	0.6000671	0.60088056	0.0013465518
7.060357	7.066248	-6.633106	0.99942994	0.6035962	0.6044096	0.0013634809
7.060499	7.0663652	-6.61954	0.9994387	0.6069019	0.6077124	0.0013795724
7.060647	7.06648	-6.606433	0.99944687	0.61009145	0.610894	0.0013953459
7.060795	7.066613	-6.594339	0.99945414	0.6130347	0.6138416	0.0014099267
7.060944	7.066733	-6.58304	0.999461	0.6157812	0.61658126	0.0014238369
7.0610785	7.066849	-6.571913	0.9994676	0.6184706	0.6192728	0.0014377492
7.0612154	7.066955	-6.5612073	0.9994741	0.62105495	0.6218525	0.0014513045
7.061358	7.0670795	-6.551174	0.9994798	0.6234697	0.62427217	0.0014642733
7.0615	7.067194	-6.541222	0.9994856	0.62586385	0.6266644	0.0014772293
7.0616364	7.0673103	-6.53198	0.9994909	0.62808573	0.6288865	0.0014893392
7.061781	7.0674176	-6.5232253	0.9994956	0.6301938	0.63098836	0.0015008033
7.061905	7.0675216	-6.514712	0.9995003	0.63223356	0.63303053	0.0015120462
7.0620255	7.0676246	-6.5062656	0.9995051	0.6342504	0.63505244	0.0015233665
7.0621533	7.067724	-6.4983935	0.9995092	0.6361312	0.6369309	0.0015340262
7.062279	7.0678253	-6.490618	0.99951357	0.63798034	0.6387814	0.0015447059
7.0624065	7.067926	-6.4832277	0.99951714	0.6397398	0.64053774	0.0015548945
7.06254	7.068033	-6.4763775	0.99952096	0.64137346	0.64217013	0.0015643812
7.062674	7.068141	-6.4697323	0.9995245	0.642953	0.64375067	0.0015736935
7.062792	7.0682397	-6.4630294	0.99952817	0.6445392	0.64534307	0.0015831181
7.062908	7.0683384	-6.456669	0.9995313	0.6460443	0.64685416	0.0015920863
7.063039	7.0684414	-6.4504204	0.99953455	0.64752084	0.6483294	0.0016010914
7.063159	7.0685344	-6.4442883	0.99953794	0.6489667	0.64977455	0.0016099331
7.063276	7.0686274	-6.43857	0.9995407	0.6503184	0.65112823	0.0016181418
7.063406	7.068727	-6.432983	0.99954355	0.6516378	0.65244126	0.0016263127
7.0635176	7.0688176	-6.4275923	0.99954605	0.6529053	0.65371275	0.0016341993
7.0636377	7.068909	-6.422667	0.99954873	0.6540712	0.65487486	0.0016413314
7.0637617	7.0690093	-6.4177766	0.99955106	0.6552228	0.6560274	0.0016485659
7.063875	7.069099	-6.4130535	0.9995539	0.65633005	0.65713614	0.0016556138
7.0639906	7.0691895	-6.4082837	0.99955577	0.6574478	0.6582502	0.001662778
7.0641026	7.069278	-6.403671	0.9995582	0.65852845	0.6593333	0.0016697005
7.0642285	7.069371	-6.3993306	0.9995601	0.6595507	0.6603496	0.001676237
7.06435	7.069465	-6.3950944	0.9995624	0.66054344	0.66134036	0.0016826945
7.0644617	7.0695477	-6.3909845	0.99956435	0.6615061	0.6622979	0.0016889935
7.064573	7.069637	-6.387141	0.9995662	0.6624041	0.66319513	0.0016948569
7.06469	7.06973	-6.38323	0.9995682	0.6633146	0.66410834	0.0017009526
7.0647993	7.0698133	-6.379536	0.9995697	0.6641777	0.6649704	0.0017066449
7.064917	7.0699077	-6.3758564	0.9995713	0.66503656	0.665829	0.0017123747
7.0650206	7.0699906	-6.372524	0.9995728	0.6658137	0.6666109	0.0017175123
7.0651274	7.070072	-6.368938	0.99957496	0.6666468	0.66744196	0.0017231673
7.065245	7.0701613	-6.365669	0.99957633	0.66741097	0.66819954	0.001728366
7.0653534	7.0702443	-6.362629	0.9995776	0.6681187	0.66890824	0.0017331302
7.0654535	7.0703273	-6.3597155	0.9995793	0.668797	0.66959107	0.0017377012
7.0655665	7.070418	-6.356723	0.9995806	0.6694933	0.6702902	0.0017424792
7.0656657	7.0705	-6.3540206	0.99958175	0.67012185	0.6709224	0.0017467672
7.065779	7.0705876	-6.351464	0.9995832	0.6707221	0.67152107	0.0017508292
7.065888	7.070665	-6.3485518	0.9995844	0.6713995	0.67219317	0.001755501
7.0660005	7.070749	-6.3456507	0.9995856	0.67207634	0.67286056	0.0017602226
7.066105	7.0708265	-6.343397	0.9995866	0.6726068	0.6733861	0.0017638025
7.066212	7.070909	-6.340952	0.9995878	0.6731768	0.6739551	0.0017677668
7.066321	7.070995	-6.338717	0.99958885	0.6736988	0.6744807	0.0017713729
7.0664167	7.071071	-6.3366003	0.99958986	0.6741944	0.6749758	0.0017747602
7.066527	7.0711575	-6.334514	0.9995907	0.6746823	0.67546225	0.0017781854
7.066629	7.0712404	-6.332091	0.9995916	0.67524177	0.6760243	0.0017822001
7.066735	7.0713196	-6.3300514	0.99959284	0.6757207	0.6764996	0.0017855406
7.0668316	7.071392	-6.3279595	0.9995937	0.6762078	0.6769824	0.0017889902
7.0669336	7.0714636	-6.325797	0.99959457	0.6767126	0.67747843	0.0017925781
7.067043	7.0715404	-6.323683	0.9995957	0.6772061	0.6779643	0.0017961118
7.067138	7.0716143	-6.3219967	0.9995964	0.67760223	0.6783603	0.0017988697
7.0672398	7.071697	-6.3202715	0.9995974	0.6780041	0.6787648	0.0018017464
7.0673394	7.071769	-6.3184676	0.9995983	0.67842656	0.6791823	0.0018047639
7.0674434	7.071847	-6.31693	0.999599	0.67879206	0.6795422	0.0018073189
7.067547	7.071926	-6.3154106	0.99959975	0.6791516	0.6798984	0.0018098333
7.0676484	7.072002	-6.313716	0.99960023	0.67954916	0.68029153	0.001812697
7.067746	7.0720806	-6.3121185	0.9996008	0.6799229	0.6806662	0.0018153819
7.0678406	7.0721526	-6.3107057	0.9996014	0.68025476	0.680998	0.0018177319
7.0679364	7.0722284	-6.309289	0.9996022	0.68058985	0.6813308	0.001820119
7.0680346	7.0723066	-6.3077545	0.99960274	0.6809488	0.6816883	0.0018227377
7.068133	7.0723796	-6.306486	0.9996035	0.6812497	0.681988	0.0018248803
7.0682316	7.072457	-6.3052306	0.9996043	0.6815479	0.68228424	0.0018269831
7.068247	7.072449	-6.304046	0.9996047	0.68181413	0.68255335	0.0018289855
7.0682693	7.072439	-6.3026433	0.9996052	0.6821324	0.68286055	0.0018313989
7.06829	7.0724273	-6.3014326	0.9996055	0.68241006	0.6831264	0.0018334595
7.068307	7.072422	-6.300537	0.9996059	0.68261206	0.68333155	0.0018349433
7.0683227	7.0724163	-6.2997503	0.9996064	0.6827934	0.6835121	0.0018362334
7.06834	7.072409	-6.298477	0.99960685	0.6830776	0.6837957	0.0018384462
7.06836	7.0724006	-6.297204	0.9996074	0.68336517	0.684076	0.00184066
7.068379	7.072392	-6.296136	0.99960786	0.68360436	0.6843151	0.0018425122
7.068397	7.0723853	-6.2952423	0.9996084	0.6838087	0.68451416	0.0018440332
7.0684114	7.072379	-6.2940245	0.9996087	0.6840782	0.6847851	0.0018461723
7.068429	7.072372	-6.292881	0.99960905	0.6843328	0.6850404	0.0018481731
7.068448	7.072364	-6.2917	0.9996095	0.68459874	0.6852994	0.001850264
7.0684676	7.0723553	-6.2908497	0.9996101	0.6847921	0.6854858	0.001851748
7.0684853	7.072346	-6.29029	0.99961036	0.68492204	0.6856115	0.0018526912
7.0685005	7.072338	-6.28954	0.99961036	0.68509257	0.685781	0.0018539763
7.068523	7.0723295	-6.289073	0.99961054	0.6852039	0.68588364	0.0018547615
7.0685387	7.072324	-6.288232	0.9996107	0.6853919	0.6860704	0.0018562457
7.068553	7.0723195	-6.2871966	0.99961126	0.6856204	0.68630046	0.0018581066
7.0685716	7.0723076	-6.286451	0.9996114	0.6857913	0.6864635	0.0018594093
7.068587	7.0723023	-6.2859178	0.9996116	0.6859131	0.68658537	0.0018603236
7.0685997	7.072298	-6.2853413	0.9996121	0.68604165	0.6867196	0.0018613153
7.068617	7.07229	-6.2847233	0.99961233	0.6861836	0.68685555	0.0018624004
7.0686355	7.0722814	-6.2841234	0.9996128	0.68631995	0.6869872	0.0018634504
7.0686493	7.072278	-6.283571	0.999613	0.68644446	0.687114	0.0018644222
7.0686646	7.072272	-6.28307	0.99961317	0.6865589	0.68722606	0.0018652945
7.0686855	7.072263	-6.282606	0.99961334	0.68666816	0.6873268	0.0018660938
7.068703	7.0722523	-6.281948	0.99961364	0.68681854	0.6874693	0.001867291
7.0687213	7.072243	-6.281479	0.9996138	0.6869289	0.6875711	0.0018681097
7.068736	7.0722356	-6.281146	0.999614	0.68700594	0.6876477	0.0018686956
7.0687547	7.072229	-6.280489	0.9996145	0.68715376	0.6877902	0.0018698793
7.0687675	7.0722213	-6.2799745	0.99961454	0.68727094	0.68790454	0.0018708116
7.068787	7.072213	-6.279378	0.99961495	0.6874076	0.68803334	0.0018718699
7.068798	7.0722094	-6.278817	0.99961495	0.68753004	0.68816316	0.0018728813
7.068811	7.072206	-6.278303	0.9996152	0.68764424	0.6882796	0.0018738145
7.0688295	7.0721965	-6.278017	0.9996152	0.6877139	0.6883423	0.001874294
7.0688434	7.0721908	-6.277571	0.99961543	0.6878145	0.6884417	0.0018750951
7.068857	7.0721865	-6.2772746	0.99961543	0.68788224	0.68851036	0.0018756196
7.0688734	7.072174	-6.2771664	0.99961525	0.68791425	0.6885337	0.0018757993
7.0688915	7.072167	-6.27664	0.99961543	0.68803453	0.6886475	0.0018767426
7.068904	7.0721626	-6.2760253	0.99961585	0.6881693	0.6887845	0.0018778736
7.068918	7.0721583	-6.27563	0.99961615	0.68825936	0.68887436	0.0018785963
7.068933	7.0721493	-6.2752905	0.99961627	0.6883374	0.68894774	0.0018791977
7.0689487	7.0721436	-6.2754254	0.9996161	0.68831444	0.6889221	0.0018789241
7.0689616	7.0721364	-6.275155	0.99961627	0.6883757	0.68898356	0.0018794074
7.0689764	7.072132	-6.2746644	0.99961644	0.68848413	0.68909395	0.0018803045
7.0689907	7.072122	-6.2743077	0.9996167	0.68856764	0.689171	0.0018809598
7.0690064	7.072117	-6.273869	0.9996168	0.6886667	0.6892672	0.0018817562
7.0690236	7.072111	-6.2736583	0.9996171	0.6887181	0.6893134	0.0018821391
7.069039	7.0721016	-6.273341	0.999617	0.6887931	0.6893815	0.0018827193
7.0690517	7.072095	-6.273053	0.999617	0.68886054	0.68944544	0.0018832389
7.06907	7.0720854	-6.2728834	0.9996171	0.68890345	0.6894821	0.001883536
7.0690856	7.0720806	-6.272482	0.9996172	0.68899554	0.6895686	0.0018842774
7.0691	7.0720716	-6.27211	0.99961746	0.6890801	0.6896493	0.0018849587
7.0691075	7.0720687	-6.271702	0.99961776	0.6891684	0.6897431	0.001885716
7.069123	7.072065	-6.2718797	0.9996174	0.6891349	0.6897085	0.0018853832
7.0691357	7.072055	-6.27167	0.99961764	0.6891855	0.68975294	0.0018857506
7.06915	7.07205	-6.271572	0.99961776	0.6892104	0.68977773	0.001885919
7.0691586	7.072044	-6.2712765	0.9996178	0.68927634	0.6898443	0.0018864712
7.069175	7.072039	-6.2713594	0.99961793	0.68926346	0.68982804	0.0018863082
7.0691915	7.072028	-6.2711267	0.99961823	0.68932045	0.6898763	0.001886718
7.0692053	7.0720234	-6.2709002	0.99961805	0.68937474	0.68992674	0.0018871495
7.0692177	7.072017	-6.270793	0.99961823	0.68940187	0.6899521	0.0018873379
7.069231	7.072012	-6.2709293	0.999618	0.6893757	0.68992585	0.0018870714
7.069245	7.072004	-6.27067	0.99961805	0.6894371	0.68998015	0.0018875595
7.0692596	7.071998	-6.2702317	0.9996182	0.6895359	0.69007456	0.0018883693
7.0692725	7.0719852	-6.269921	0.9996185	0.68960845	0.69014025	0.0018889495
7.0692897	7.0719805	-6.2697506	0.99961853	0.6896509	0.69017607	0.0018892678
7.0693054	7.071973	-6.269563	0.9996186	0.68969756	0.690216	0.0018896157
7.069318	7.071965	-6.2695622	0.9996186	0.68970275	0.69021773	0.0018896126
7.069331	7.071958	-6.269303	0.99961877	0.68976206	0.69027364	0.0018900969
7.069345	7.071954	-6.2696047	0.9996187	0.689702	0.69021004	0.0018895242
7.069356	7.071947	-6.269246	0.99961877	0.6897829	0.69028693	0.001890189
7.0693703	7.0719395	-6.269134	0.9996186	0.6898129	0.6903114	0.0018903965
7.069382	7.071932	-6.2691607	0.99961877	0.68980986	0.69030917	0.0018903416
7.0693965	7.0719275	-6.2690597	0.9996188	0.6898362	0.6903305	0.0018905243
7.0694065	7.071922	-6.269039	0.9996188	0.6898419	0.69033813	0.0018905568
7.069419	7.0719166	-6.269035	0.999619	0.68984824	0.69033897	0.001890569
7.069434	7.0719066	-6.2688985	0.9996189	0.68988395	0.690367	0.0018908154
7.0694447	7.071904	-6.268689	0.9996188	0.68993026	0.6904156	0.0018912063
7.069455	7.071898	-6.26866	0.99961907	0.6899395	0.6904248	0.001891253
7.069471	7.0718923	-6.2684193	0.9996191	0.68999636	0.6904751	0.0018917028
7.06948	7.0718827	-6.2680793	0.9996191	0.6900732	0.69054776	0.0018923417
7.0694942	7.0718822	-6.268064	0.9996193	0.6900807	0.6905536	0.0018923739
7.069506	7.0718713	-6.2678204	0.99961936	0.69013625	0.69060624	0.0018928275
7.0695176	7.0718665	-6.267534	0.9996193	0.69020116	0.69066817	0.001893366
7.06953	7.0718603	-6.2673607	0.99961925	0.690243	0.69070524	0.0018936923
7.069541	7.0718555	-6.2671137	0.99961936	0.6902986	0.6907611	0.0018941605
7.0695543	7.0718493	-6.266745	0.9996194	0.69038314	0.69083816	0.001894843
7.0695667	7.0718427	-6.2667766	0.9996196	0.6903793	0.69083333	0.001894789
7.069573	7.0718403	-6.266542	0.99961984	0.6904306	0.6908874	0.0018952292
7.069587	7.0718327	-6.2665167	0.99961984	0.6904416	0.6908916	0.0018952736
7.0696	7.071826	-6.266626	0.99961966	0.6904234	0.6908681	0.0018950691
7.0696144	7.0718184	-6.266966	0.9996196	0.6903553	0.69079554	0.0018944195
7.069623	7.0718117	-6.2667904	0.99961954	0.6903981	0.6908326	0.0018947575
7.0696344	7.0718055	-6.266943	0.9996196	0.6903683	0.6908016	0.0018944639
7.0696497	7.0717993	-6.2668114	0.9996196	0.6903999	0.6908285	0.0018947071
7.0696607	7.071792	-6.2667637	0.9996196	0.69041425	0.6908394	0.0018947982
7.06967	7.071788	-6.2668996	0.99961936	0.69038934	0.69081086	0.0018945453
7.069683	7.0717793	-6.2668276	0.99961954	0.6904092	0.6908261	0.0018946809
7.069695	7.0717745	-6.266712	0.99961966	0.69043696	0.6908524	0.0018948934
7.069707	7.071771	-6.2665725	0.99961954	0.69047034	0.69088274	0.0018951532
7.0697145	7.071767	-6.266759	0.9996194	0.6904328	0.69084525	0.0018948013
7.069726	7.0717583	-6.2668266	0.99961954	0.6904217	0.69083077	0.0018946683
7.069734	7.071755	-6.2668777	0.9996194	0.6904128	0.6908231	0.0018945835
7.069745	7.0717506	-6.266857	0.9996196	0.6904204	0.69082755	0.001894603
7.0697603	7.071743	-6.266704	0.9996197	0.6904586	0.6908585	0.0018948945
7.0697694	7.071736	-6.266732	0.99961966	0.6904567	0.6908526	0.0018948573
7.069779	7.0717297	-6.266436	0.99961966	0.6905224	0.6909177	0.0018953967
7.0697875	7.0717278	-6.2665462	0.99961966	0.69050044	0.6908959	0.0018951925
7.0697994	7.071723	-6.266687	0.9996197	0.6904724	0.6908678	0.0018949274
7.069811	7.0717177	-6.266876	0.99961966	0.6904363	0.69082755	0.0018945766
7.0698195	7.0717115	-6.266804	0.9996196	0.6904547	0.6908438	0.001894708
7.0698314	7.071705	-6.266597	0.9996196	0.6905041	0.69088674	0.0018951056
7.0698433	7.0716996	-6.2664547	0.9996196	0.69053704	0.6909176	0.0018953765
7.069853	7.0716953	-6.266576	0.9996196	0.6905153	0.69089174	0.0018951362
7.0698576	7.0716863	-6.266438	0.99961954	0.6905471	0.6909226	0.0018953996
7.069872	7.071684	-6.2666497	0.9996194	0.69050485	0.6908781	0.0018949967
7.069883	7.0716777	-6.2664766	0.9996194	0.6905465	0.6909142	0.0018953255
7.0698924	7.0716724	-6.2662673	0.9996196	0.6905927	0.69096	0.001895723
7.069901	7.071668	-6.266104	0.99961966	0.69063044	0.69099545	0.0018960318
7.069914	7.071661	-6.2659297	0.9996197	0.69067353	0.69103074	0.0018963644
7.0699244	7.0716567	-6.2655964	0.9996197	0.69074774	0.69110185	0.0018969837
7.0699325	7.0716486	-6.265726	0.99961984	0.69072473	0.6910739	0.0018967384
7.0699434	7.071647	-6.265423	0.99961984	0.6907913	0.69114035	0.001897313
7.069951	7.071638	-6.265355	0.99961996	0.6908082	0.6911563	0.0018974436
7.0699654	7.0716333	-6.265451	0.9996201	0.69079244	0.69113386	0.0018972629
7.069974	7.0716286	-6.2653627	0.99962014	0.69081587	0.6911522	0.0018974302
7.0699825	7.0716233	-6.2656	0.9996199	0.6907666	0.69110274	0.001896973
7.069992	7.071616	-6.265481	0.9996197	0.6907966	0.69112694	0.0018972087
7.0700006	7.0716114	-6.265699	0.99961984	0.69075155	0.6910825	0.0018967959
7.07001	7.071609	-6.2656384	0.9996197	0.6907676	0.6910961	0.0018969104
7.07002	7.071603	-6.265583	0.99961984	0.6907829	0.69110715	0.001897017
7.0700307	7.0715947	-6.265946	0.9996196	0.6907103	0.6910281	0.0018963248
7.0700397	7.0715904	-6.2658696	0.9996197	0.69073015	0.69104403	0.001896466
7.0700502	7.0715833	-6.2658887	0.9996194	0.69072974	0.69103914	0.0018964293
7.0700617	7.0715775	-6.2656054	0.9996199	0.69079375	0.69109946	0.001896969
7.070069	7.071574	-6.265774	0.99961984	0.69076025	0.6910652	0.0018966538
7.070075	7.071571	-6.2658787	0.99961966	0.6907379	0.69104517	0.001896452
7.070084	7.07157	-6.2654533	0.9996197	0.6908305	0.6911373	0.0018972546
7.0700927	7.0715632	-6.26529	0.9996199	0.6908681	0.6911734	0.0018975693
7.0701036	7.0715556	-6.2652955	0.99961996	0.69087195	0.69117004	0.0018975565
7.070112	7.0715504	-6.2655554	0.99961984	0.69081897	0.69111437	0.0018970657
7.0701213	7.071546	-6.26516	0.9996201	0.690907	0.6911985	0.0018978071
7.070131	7.071542	-6.2650785	0.99962014	0.6909275	0.6912166	0.001897972
7.070138	7.071538	-6.2652655	0.99961996	0.6908886	0.6911779	0.0018976125
7.0701475	7.071533	-6.265296	0.9996199	0.69088584	0.69117117	0.0018975481
7.070155	7.0715275	-6.2656884	0.99961954	0.69080406	0.6910882	0.001896812
7.0701647	7.0715237	-6.265679	0.99961966	0.69080985	0.69108963	0.0018968293
7.0701723	7.071515	-6.2655506	0.9996197	0.6908417	0.69111586	0.0018970728
7.0701814	7.071513	-6.2653694	0.99961996	0.69088197	0.6911553	0.0018974117
7.070191	7.071505	-6.2654433	0.9996199	0.6908712	0.6911375	0.0018972743
7.070202	7.071501	-6.2652373	0.9996199	0.69091827	0.6911804	0.0018976677
7.07021	7.071497	-6.265426	0.99961984	0.6908802	0.69114137	0.0018973136
7.070215	7.071494	-6.2653747	0.99961984	0.69089353	0.6911524	0.0018974054
7.0702233	7.07149	-6.265453	0.9996199	0.6908779	0.6911377	0.0018972472
7.070228	7.071485	-6.2656345	0.9996199	0.69084036	0.6911008	0.0018969115
7.07024	7.0714803	-6.265941	0.9996196	0.6907796	0.6910331	0.001896342
7.070249	7.071474	-6.2655444	0.9996199	0.6908668	0.69111764	0.0018970898
7.0702558	7.071472	-6.265699	0.9996197	0.69083565	0.6910855	0.0018967831
7.0702643	7.071466	-6.2654896	0.99961984	0.69088393	0.6911288	0.0018971851
7.0702715	7.0714607	-6.2652073	0.9996199	0.69094735	0.6911897	0.0018977127
7.070282	7.0714574	-6.265582	0.9996199	0.69087046	0.69110906	0.0018970084
7.0702863	7.07145	-6.2658305	0.99961966	0.6908191	0.69105685	0.0018965382
7.070297	7.0714455	-6.2660456	0.9996194	0.6907773	0.6910097	0.0018961307
7.070303	7.07144	-6.265944	0.99961984	0.69080126	0.6910315	0.0018963248
7.0703125	7.071439	-6.2658086	0.99961984	0.69083214	0.69106096	0.0018965864
7.0703216	7.071433	-6.2657323	0.9996199	0.6908523	0.6910755	0.0018967259
7.070326	7.071429	-6.2657084	0.99961984	0.69085866	0.6910827	0.0018967789
7.070334	7.0714264	-6.2658696	0.9996199	0.69082487	0.6910498	0.0018964696
7.070339	7.0714207	-6.2657986	0.9996199	0.6908423	0.6910651	0.0018965965
7.0703497	7.0714183	-6.2659435	0.9996196	0.69081426	0.6910336	0.001896325
7.0703554	7.0714135	-6.2658606	0.99961966	0.69083476	0.69105166	0.0018964851
7.070363	7.071409	-6.2660985	0.9996196	0.69078547	0.69100136	0.0018960241
7.0703692	7.071405	-6.2661	0.9996197	0.6907855	0.6910028	0.0018960345
7.0703754	7.071404	-6.2664576	0.9996196	0.69071114	0.69092673	0.001895357
7.070382	7.0713997	-6.266391	0.99961966	0.6907276	0.69094193	0.0018954804
7.0703893	7.0713935	-6.266165	0.99961966	0.6907777	0.69099116	0.0018959111
7.070398	7.071392	-6.266123	0.9996197	0.6907897	0.6909987	0.0018959827
7.0704036	7.0713854	-6.2658715	0.9996197	0.69084394	0.6910537	0.0018964568
7.070412	7.071379	-6.2657337	0.99961984	0.6908777	0.6910823	0.0018967208
7.070419	7.071376	-6.265705	0.9996196	0.69088584	0.69108796	0.0018967673
7.070428	7.0713735	-6.265588	0.9996197	0.6909138	0.69111234	0.0018969988
7.070435	7.071366	-6.2653112	0.9996201	0.69097686	0.69116867	0.0018975196
7.0704412	7.071363	-6.2648973	0.99962026	0.6910669	0.6912578	0.0018983027
7.0704474	7.0713615	-6.2648997	0.99962014	0.6910676	0.69125885	0.0018983004
7.070454	7.0713563	-6.2651954	0.9996201	0.69100726	0.6911947	0.0018977422
7.070459	7.0713525	-6.265342	0.9996199	0.69097686	0.6911656	0.0018974635
7.070468	7.07135	-6.2654686	0.99961996	0.6909528	0.6911377	0.0018972182
7.070473	7.071343	-6.2654004	0.9996199	0.69097066	0.6911504	0.0018973631
7.0704803	7.0713415	-6.265331	0.9996201	0.69098693	0.6911661	0.0018974823
7.0704885	7.071335	-6.265097	0.99962014	0.6910403	0.6912141	0.0018979263
7.070495	7.071329	-6.265115	0.99961996	0.69103956	0.69121	0.0018978938
7.070504	7.0713277	-6.265444	0.9996197	0.69097155	0.691139	0.001897268
7.070509	7.0713224	-6.265747	0.9996197	0.69090813	0.6910752	0.0018966949
7.070517	7.071322	-6.265423	0.99961996	0.6909796	0.6911438	0.0018973064
7.0705214	7.071315	-6.265536	0.9996201	0.6909575	0.6911196	0.0018970883
7.070528	7.0713115	-6.2656665	0.9996199	0.6909302	0.6910934	0.0018968424
7.070534	7.07131	-6.2656865	0.9996199	0.69092804	0.6910886	0.0018968139
7.0705376	7.071304	-6.2659	0.99961996	0.6908858	0.69104224	0.0018964028
7.070547	7.0713024	-6.2657447	0.99961996	0.69092107	0.691076	0.0018967014
7.070554	7.0712953	-6.265978	0.9996197	0.69087297	0.6910253	0.0018962568
7.0705585	7.0712934	-6.2658544	0.9996199	0.6909003	0.69105345	0.001896506
7.0705633	7.0712905	-6.265699	0.9996197	0.6909362	0.6910858	0.0018967873
7.07057	7.0712886	-6.265776	0.99961984	0.69092005	0.69106984	0.0018966374
7.0705776	7.071283	-6.2660093	0.9996199	0.6908746	0.6910187	0.0018962049
7.0705814	7.071282	-6.2659717	0.9996199	0.6908828	0.691028	0.0018962706
7.070585	7.0712767	-6.2657533	0.9996201	0.69093025	0.6910761	0.001896691
7.0705914	7.0712724	-6.2657843	0.9996201	0.690925	0.6910698	0.0018966296
7.0705996	7.071269	-6.265743	0.9996201	0.6909363	0.6910777	0.0018967021
7.070605	7.0712657	-6.265642	0.99961984	0.6909613	0.691098	0.0018968976
7.070611	7.071263	-6.2657533	0.9996199	0.69093806	0.69107497	0.0018966824
7.0706162	7.071259	-6.2653766	0.99961996	0.6910204	0.69115645	0.0018974039
7.07062	7.071257	-6.2655377	0.99961996	0.69098645	0.6911219	0.0018970913
7.0706267	7.0712504	-6.2656183	0.99962026	0.69097227	0.691104	0.0018969392
7.0706344	7.071252	-6.2657228	0.99961984	0.6909518	0.69108224	0.0018967428
7.0706396	7.0712476	-6.265436	0.99961996	0.69101363	0.69114417	0.0018972806
7.070646	7.071241	-6.2654986	0.9996202	0.6910036	0.6911295	0.0018971729
7.070652	7.071241	-6.265289	0.9996202	0.6910499	0.69117427	0.0018975681
7.0706525	7.071237	-6.265088	0.9996204	0.691094	0.69121695	0.0018979443
7.070662	7.071233	-6.2650886	0.99962014	0.6910954	0.6912169	0.0018979385
7.07067	7.071226	-6.2648954	0.99962014	0.69114035	0.69125646	0.0018983075
7.070674	7.071222	-6.264965	0.99961996	0.6911286	0.69124013	0.0018981766
7.0706806	7.0712237	-6.265235	0.99962014	0.69107246	0.69118303	0.001897668
7.0706835	7.071219	-6.2651243	0.99962014	0.6910961	0.6912084	0.0018978736
7.0706873	7.071217	-6.265409	0.99961984	0.69103646	0.6911479	0.001897332
7.070692	7.0712147	-6.26534	0.9996199	0.69105226	0.6911624	0.0018974629
7.0706983	7.0712104	-6.265471	0.9996201	0.6910272	0.6911346	0.0018972233
7.0707073	7.0712066	-6.265268	0.9996201	0.6910735	0.6911765	0.001897601
7.0707116	7.0712	-6.265	0.99961996	0.69113326	0.6912322	0.0018981156
7.0707173	7.071197	-6.265292	0.99961996	0.69107336	0.691168	0.0018975529
7.070722	7.0711956	-6.265226	0.9996201	0.69108856	0.6911838	0.0018976799
7.070727	7.0711927	-6.2655287	0.9996201	0.6910247	0.69111943	0.0018971098
7.070733	7.071189	-6.2654424	0.9996199	0.6910452	0.6911378	0.0018972749
7.0707374	7.071188	-6.265527	0.9996199	0.6910284	0.69111955	0.0018971154
7.0707383	7.0711827	-6.265174	0.9996204	0.6911037	0.6911961	0.0018977838
7.0707445	7.071182	-6.2654076	0.99961996	0.6910555	0.6911461	0.0018973341
7.07075	7.0711794	-6.265464	0.99962014	0.6910455	0.69113344	0.0018972361
7.0707536	7.0711718	-6.2654357	0.99961996	0.69105387	0.69113845	0.0018972865
7.070761	7.071169	-6.265524	0.9996201	0.6910381	0.691119	0.001897118
7.0707645	7.0711684	-6.265768	0.99961984	0.6909871	0.69106734	0.001896666
7.070768	7.071164	-6.265592	0.99961996	0.6910247	0.6911058	0.0018969938
7.070773	7.071163	-6.265691	0.99961984	0.6910051	0.69108444	0.0018968037
7.0707774	7.0711613	-6.2653065	0.99962014	0.69108766	0.6911671	0.0018975293
7.0707827	7.0711603	-6.265379	0.9996202	0.6910724	0.6911533	0.0018973941
7.070784	7.0711565	-6.2655706	0.9996199	0.69103277	0.6911128	0.0018970388
7.0707893	7.071154	-6.265691	0.9996201	0.69100714	0.69108754	0.0018968055
7.070794	7.0711503	-6.265621	0.9996199	0.6910236	0.69110334	0.0018969396
7.0707984	7.0711493	-6.266045	0.9996199	0.69093436	0.69101197	0.0018961319
7.0708036	7.0711455	-6.2658362	0.99961996	0.69098264	0.691055	0.0018965274
7.0708094	7.071141	-6.2659535	0.99961984	0.69096	0.6910286	0.0018963092
7.0708137	7.071139	-6.2657514	0.99961984	0.6910051	0.6910709	0.0018966838
7.070818	7.071135	-6.265568	0.9996201	0.6910456	0.6911104	0.0018970385
7.0708227	7.0711308	-6.265778	0.9996201	0.6910019	0.6910657	0.0018966437
7.070829	7.071132	-6.2655835	0.99962026	0.6910434	0.69110763	0.0018970066
7.070831	7.0711284	-6.2656126	0.9996199	0.69103837	0.6911017	0.0018969453
7.0708375	7.0711255	-6.265668	0.99961996	0.6910289	0.6910896	0.0018968481
7.0708404	7.0711217	-6.2653737	0.99962014	0.6910937	0.6911509	0.0018974105
7.0708437	7.0711207	-6.2656255	0.9996201	0.69104093	0.69109696	0.0018969199
7.0708523	7.071117	-6.265546	0.99961996	0.69106084	0.6911126	0.0018970734
7.0708537	7.0711126	-6.2651844	0.9996202	0.691139	0.69118994	0.0018977695
7.070857	7.0711117	-6.2646594	0.99962044	0.6912516	0.6913027	0.0018987611
7.0708604	7.07111	-6.2647038	0.9996205	0.69124275	0.69129443	0.0018986717
7.0708666	7.0711074	-6.2649555	0.9996204	0.6911909	0.69124	0.0018981978
7.0708714	7.071102	-6.264998	0.9996204	0.6911828	0.69122976	0.0018981103
7.0708733	7.071102	-6.26513	0.9996202	0.6911547	0.6912029	0.0018978637
7.0708785	7.071099	-6.265665	0.9996199	0.6910438	0.6910877	0.0018968546
7.0708833	7.0710945	-6.2656817	0.99962014	0.6910425	0.69108236	0.0018968213
7.070885	7.071093	-6.2661085	0.9996199	0.69095254	0.6909922	0.0018960217
7.07089	7.071091	-6.2658806	0.9996199	0.69100136	0.69104123	0.0018964446
7.070893	7.071087	-6.265921	0.99961984	0.6909938	0.6910333	0.0018963611
7.070895	7.071086	-6.265711	0.9996199	0.69103914	0.6910777	0.0018967637
7.0709004	7.071084	-6.2655373	0.9996199	0.69107836	0.6911145	0.0018970928
7.070904	7.071084	-6.265533	0.99962014	0.69107956	0.691115	0.0018971029
7.070909	7.0710793	-6.2653065	0.99962014	0.69113106	0.6911624	0.0018975413
7.0709114	7.071077	-6.265422	0.9996201	0.69110733	0.6911383	0.0018973205
7.0709157	7.0710783	-6.2650805	0.99962044	0.69118	0.6912119	0.0018979657
7.070919	7.0710726	-6.265089	0.9996202	0.6911791	0.69120944	0.0018979475
7.0709205	7.071069	-6.2651687	0.9996201	0.69116294	0.69119257	0.0018977979
7.0709276	7.0710692	-6.265257	0.99962026	0.69114584	0.6911735	0.0018976378
7.0709295	7.071067	-6.26544	0.99962014	0.6911079	0.6911344	0.0018972835
7.0709324	7.071066	-6.2654223	0.9996202	0.6911106	0.6911394	0.0018973112
7.0709376	7.0710645	-6.2653956	0.99962014	0.6911184	0.691145	0.0018973597
7.0709386	7.07106	-6.2650523	0.9996202	0.6911932	0.6912174	0.0018980136
7.070944	7.0710583	-6.2650056	0.99962026	0.6912054	0.6912262	0.0018980977
7.0709467	7.071056	-6.2653003	0.99961996	0.6911428	0.6911646	0.0018975425
7.0709515	7.0710545	-6.26532	0.99962014	0.69114	0.6911602	0.0018975097
7.0709515	7.071052	-6.2653794	0.9996202	0.69112676	0.69114846	0.0018973994
7.070957	7.0710497	-6.265332	0.9996202	0.6911392	0.6911575	0.0018974885
7.0709605	7.0710473	-6.265215	0.9996201	0.6911644	0.69118327	0.0018977079
7.070962	7.071045	-6.265172	0.9996201	0.6911753	0.6911918	0.0018977943
7.0709667	7.0710425	-6.2654805	0.9996199	0.69111115	0.69112456	0.0018971973
7.0709705	7.071042	-6.265718	0.9996199	0.69106126	0.69107455	0.0018967518
7.0709715	7.0710382	-6.2655745	0.9996199	0.6910916	0.6911062	0.0018970266
7.0709777	7.0710363	-6.2656856	0.99961996	0.6910701	0.69108033	0.0018968179
7.070977	7.071032	-6.265911	0.99961984	0.69102263	0.69103277	0.0018963856
7.0709844	7.07103	-6.2659216	0.9996199	0.6910228	0.6910289	0.0018963692
7.070986	7.0710278	-6.2655187	0.9996201	0.69110894	0.691116	0.0018971274
7.0709863	7.071028	-6.265572	0.99961984	0.6910986	0.6911049	0.0018970269
7.0709925	7.0710278	-6.265446	0.9996201	0.69112664	0.6911316	0.0018972718
7.0709953	7.071023	-6.264929	0.9996202	0.6912365	0.6912428	0.0018982452
7.0709963	7.0710206	-6.2649293	0.9996202	0.6912374	0.69124305	0.0018982458
7.0709996	7.0710235	-6.26511	0.9996202	0.6911992	0.6912051	0.0018979036
7.071002	7.0710187	-6.265426	0.99962014	0.69113296	0.69113696	0.0018973035
7.0710053	7.071015	-6.2657857	0.9996196	0.69105726	0.6910603	0.0018966255
7.071008	7.071017	-6.265894	0.9996201	0.6910343	0.69103676	0.0018964243
7.07101	7.071014	-6.266294	0.9996197	0.69095093	0.6909509	0.0018956596
7.071014	7.0710125	-6.266345	0.99961984	0.69094	0.6909409	0.001895566
7.071019	7.071012	-6.2664046	0.9996197	0.6909286	0.69092757	0.0018954575
7.0710187	7.071006	-6.2661486	0.9996197	0.69098544	0.690981	0.001895938
7.071024	7.0710077	-6.2658424	0.99962014	0.69105196	0.6910463	0.0018965187
7.0710278	7.071006	-6.2652807	0.9996202	0.69117147	0.6911659	0.0018975786
7.071028	7.0710015	-6.264794	0.9996204	0.69127727	0.6912698	0.0018984985
7.07103	7.0710006	-6.264901	0.9996204	0.69125485	0.69124675	0.0018983
7.0710363	7.0709996	-6.26501	0.9996202	0.69123244	0.6912237	0.0018980899
7.071038	7.0709977	-6.265185	0.99961996	0.6911957	0.69118667	0.0018977633
7.0710406	7.0709968	-6.265109	0.9996202	0.6912127	0.6912021	0.0018979067
7.071041	7.070993	-6.2651286	0.9996201	0.6912087	0.6911979	0.0018978679
7.0710464	7.0709925	-6.2651525	0.99962026	0.69120544	0.6911927	0.0018978337
7.0710487	7.070991	-6.264941	0.9996205	0.69125086	0.6912375	0.0018982327
7.071051	7.0709896	-6.264743	0.9996206	0.691294	0.6912798	0.0018985996
7.071052	7.0709877	-6.2651386	0.9996205	0.6912106	0.6911957	0.0018978528
7.071056	7.070988	-6.2646656	0.9996205	0.6913134	0.69129586	0.0018987537
7.0710583	7.0709834	-6.264581	0.9996205	0.69133246	0.69131273	0.0018989048
7.0710616	7.0709834	-6.264729	0.9996207	0.6913008	0.6912828	0.0018986291
7.0710607	7.0709844	-6.264694	0.9996206	0.6913076	0.6912909	0.0018986901
7.071064	7.0709815	-6.265085	0.99962014	0.6912251	0.6912069	0.0018979504
7.071067	7.0709796	-6.2653913	0.99962044	0.6911604	0.69114304	0.0018973735
7.0710716	7.0709777	-6.2656612	0.9996201	0.691104	0.6910833	0.0018968561
7.0710716	7.0709734	-6.266231	0.9996199	0.6909833	0.6909624	0.0018957884
7.0710754	7.070971	-6.2665696	0.9996199	0.6909128	0.690889	0.0018951416
7.0710783	7.0709705	-6.2666326	0.9996199	0.6909006	0.6908746	0.0018950233
7.071082	7.070969	-6.2664213	0.9996197	0.6909472	0.69091886	0.0018954265
7.071081	7.0709667	-6.2665496	0.99961966	0.69092065	0.69089186	0.0018951849
7.0710835	7.070968	-6.266395	0.99961966	0.69095314	0.6909259	0.001895468
7.071087	7.070967	-6.266322	0.9996197	0.690969	0.6909416	0.0018956104
7.0710883	7.070963	-6.2662907	0.9996199	0.6909773	0.6909472	0.0018956682
7.0710926	7.0709624	-6.2660713	0.99961996	0.69102526	0.6909935	0.0018960834
7.071092	7.070962	-6.2659388	0.99961996	0.69105387	0.6910225	0.0018963397
7.0710945	7.07096	-6.2655544	0.9996202	0.69113576	0.6911051	0.0018970674
7.0710955	7.0709615	-6.265375	0.9996202	0.6911743	0.6911438	0.0018973991
7.0710993	7.070959	-6.2654357	0.9996201	0.69116133	0.6911309	0.0018972817
7.0710993	7.070956	-6.2653837	0.99962026	0.6911735	0.69114244	0.0018973931
7.0711045	7.0709553	-6.2653046	0.99962014	0.6911915	0.69115853	0.0018975345
7.071106	7.070954	-6.2654862	0.9996202	0.6911525	0.6911207	0.0018971912
7.0711064	7.0709558	-6.2655272	0.9996199	0.69114393	0.69111234	0.0018971136
7.071109	7.070954	-6.265707	0.99961984	0.69110656	0.6910738	0.0018967774
7.071109	7.0709505	-6.2659736	0.9996199	0.6910517	0.69101524	0.0018962681
7.071113	7.0709496	-6.265804	0.99961996	0.691088	0.69105196	0.0018965938
7.0711145	7.0709476	-6.2661266	0.99961984	0.6910189	0.6909833	0.0018959754
7.071117	7.070946	-6.266034	0.9996196	0.6910403	0.6910022	0.001896154
7.071119	7.0709453	-6.2658772	0.99961996	0.69107366	0.6910364	0.0018964565
7.071121	7.070946	-6.2658772	0.99962014	0.6910733	0.6910366	0.0018964544
7.0711217	7.0709453	-6.265617	0.99962014	0.6911297	0.69109267	0.0018969476
7.071125	7.070943	-6.2658587	0.99962014	0.691079	0.6910411	0.0018964901
7.071125	7.070941	-6.26568	0.9996201	0.69111705	0.69107896	0.0018968335
7.071127	7.070941	-6.265682	0.9996201	0.6911177	0.69107795	0.0018968204
7.0711303	7.0709376	-6.265342	0.99962026	0.69119126	0.6911498	0.0018974671
7.0711308	7.0709367	-6.2652516	0.9996201	0.6912112	0.69117	0.0018976429
7.0711327	7.0709367	-6.2653227	0.9996204	0.69119513	0.6911548	0.0018974986
7.071136	7.0709357	-6.265697	0.9996201	0.6911164	0.6910752	0.001896803
7.071137	7.0709333	-6.265695	0.9996202	0.69111824	0.69107485	0.0018967977
7.071141	7.0709343	-6.265884	0.9996201	0.6910792	0.69103396	0.0018964413
7.0711427	7.0709295	-6.266039	0.9996199	0.6910469	0.6910008	0.0018961555
7.0711427	7.0709286	-6.2655087	0.99962014	0.69116	0.6911137	0.0018971532
7.071142	7.07093	-6.265667	0.9996201	0.69112635	0.6910804	0.0018968487
7.0711474	7.070927	-6.2658696	0.9996201	0.69108444	0.6910362	0.001896461
7.071148	7.070927	-6.265909	0.9996199	0.6910759	0.6910288	0.0018963927
7.071149	7.0709257	-6.2657	0.9996199	0.6911209	0.6910733	0.0018967915
7.0711513	7.0709257	-6.266037	0.99961996	0.6910493	0.6910017	0.0018961527
7.0711503	7.0709214	-6.265712	0.99962026	0.6911198	0.6910708	0.0018967697
7.0711555	7.0709233	-6.2656956	0.9996201	0.6911238	0.691074	0.0018968045
7.0711555	7.0709233	-6.265784	0.9996202	0.6911051	0.69105446	0.0018966293
7.0711555	7.070919	-6.266007	0.9996201	0.6910574	0.691008	0.0018962064
7.071158	7.070921	-6.2661414	0.9996201	0.6910292	0.6909795	0.0018959537
7.07116	7.0709224	-6.2658167	0.99961996	0.691098	0.69104934	0.0018965673
7.071163	7.0709186	-6.266272	0.9996197	0.6910026	0.6909518	0.0018957105
7.0711613	7.070916	-6.2662477	0.9996197	0.69100755	0.690957	0.001895754
7.071163	7.070918	-6.26613	0.9996199	0.6910329	0.6909828	0.0018959844
7.071164	7.070917	-6.266305	0.99961984	0.6909954	0.690945	0.0018956396
7.071165	7.070916	-6.2662177	0.9996199	0.69101465	0.6909637	0.0018958059
7.0711665	7.0709133	-6.265856	0.99961996	0.6910931	0.6910403	0.0018964905
